{
     "HR": [
          {
               "name": "Alice",
               "age": 30,
               "gender": "Female",
               "emp_id": "E101",
               "department": "HR",
               "salary": 48000.0
          },
          {
               "name": "Charlie",
               "age": 35,
               "gender": "Male",
               "emp_id": "E103",
               "department": "HR",
               "salary": 60000.0
          }
     ],
     "IT": [
          {
               "name": "Bob",
               "age": 28,
               "gender": "Male",
               "emp_id": "E102",
               "department": "IT",
               "salary": 55000.0
          },
          {
               "name": "Diana",
               "age": 26,
               "gender": "Female",
               "emp_id": "E104",
               "department": "IT",
               "salary": 47000.0
          }
     ],
     "Finance": [
          {
               "name": "Evan",
               "age": 40,
               "gender": "Male",
               "emp_id": "E105",
               "department": "Finance",
               "salary": 53000.0
          }
     ]
}